"ID","BB1","BB2","BB3","BB4","BB5","BB6","BB7","SMILES","mass","t1","t2"
1,"Mpa","Asp(CAPA)",,"3amb"," Val","Res1","L4","CC(C)[C@@H](C(NCCSCc1cccc(CSCCC(N[C@@H](CC(NCCOCCOCCCCCCCl)=O)C(NCc2cc3ccc2)=O)=O)n1)=O)NC3=O",820.341866,"-",588.221866
2,"Mpa","Asp(CAPA)",,"2Achc"," Nip","Res1","L4","O=C(C[C@@H](C(N[C@H](CCCC1)[C@@H]1C(N(CCC1)C[C@H]1C(NCCSCc1cccc(CSCC2)n1)=O)=O)=O)NC2=O)NCCOCCOCCCCCCCl",824.373166,"-",588.213166
3,"Mpa","Asp(CAPA)",,"Tyr"," NMeAla","Res1","L4","C[C@@H](C(NCCSCc1cccc(CSCCC(N[C@@H](CC(NCCOCCOCCCCCCCl)=O)C(N[C@H]2Cc(cc3)ccc3O)=O)=O)n1)=O)N(C)C2=O",836.336781,"-",588.226781
4,"Mpa","Asp(CAPA)",,"Gly"," cAcha","Res1","L4","O=C(C[C@@H](C(NCC(NC(CC1)CCC1CC(NCCSCc1cccc(CSCC2)n1)=O)=O)=O)NC2=O)NCCOCCOCCCCCCCl",784.341866,"-",588.221866
5,"Mpa","Asp(CAPA)",,"His"," Ser","Res1","L4","OC[C@@H](C(NCCSCc1cccc(CSCCC(N[C@@H](CC(NCCOCCOCCCCCCCl)=O)C(N[C@H]2Cc3c[nH]cn3)=O)=O)n1)=O)NC2=O",812.311629,"-",588.221629
6,"Mpa","Asp(CAPA)",,"Phe"," Val","Res1","L4","CC(C)[C@@H](C(NCCSCc1cccc(CSCCC(N[C@@H](CC(NCCOCCOCCCCCCCl)=O)C(N[C@H]2Cc3ccccc3)=O)=O)n1)=O)NC2=O",834.357516,"-",588.217516
7,"Mpa","Asp(CAPA)",,"Ser"," cAcha","Res1","L4","OC[C@@H](C(NC(CC1)CCC1CC(NCCSCc1cccc(CSCCC(N[C@H]2CC(NCCOCCOCCCCCCCl)=O)=O)n1)=O)=O)NC2=O",814.352431,"-",588.222431
8,"Mpa","Asp(CAPA)",,"2Achc"," Ala","Res1","L4","C[C@@H](C(NCCSCc1cccc(CSCCC(N[C@@H](CC(NCCOCCOCCCCCCCl)=O)C(N[C@H]2[C@H]3CCCC2)=O)=O)n1)=O)NC3=O",784.341866,"-",588.211866
9,"Mpa","Asp(CAPA)",,"Gly"," Isn","Res1","L4","O=C(C[C@@H](C(NCC(N(CC1)CCC1C(NCCSCc1cccc(CSCC2)n1)=O)=O)=O)NC2=O)NCCOCCOCCCCCCCl",756.310566,"-",588.220566
10,"Mpa","Asp(CAPA)",,"4amb"," Trp","Res1","L4","O=C(C[C@@H](C(NCc(cc1)ccc1C(N[C@@H](Cc1c[nH]c2c1cccc2)C(NCCSCc1cccc(CSCC2)n1)=O)=O)=O)NC2=O)NCCOCCOCCCCCCCl",907.352765,"-",588.222765
11,"Mpa","Asp(CAPA)",,"Tyr"," Tyr","Res1","L4","Oc1ccc(C[C@@H](C(NCCSCc2cccc(CSCCC(N[C@@H](CC(NCCOCCOCCCCCCCl)=O)C(N[C@H]3Cc(cc4)ccc4O)=O)=O)n2)=O)NC3=O)cc1",914.347346,"-",588.227346
12,"Mpa","Asp(CAPA)",,"Aze"," Tyr","Res1","L4","Oc1ccc(C[C@@H](C(NCCSCc2cccc(CSCCC(N[C@@H](CC(NCCOCCOCCCCCCCl)=O)C(N3[C@H]4CC3)=O)=O)n2)=O)NC4=O)cc1",834.321131,"-",588.221131
13,"Mpa","Asp(CAPA)",,"Ala"," Sar","Res1","L4","C[C@@H](C(N(C)CC(NCCSCc1cccc(CSCCC(N[C@H]2CC(NCCOCCOCCCCCCCl)=O)=O)n1)=O)=O)NC2=O",730.294916,"-",588.214916
14,"Mpa","Asp(CAPA)",,"Asn"," Leu","Res1","L4","CC(C)C[C@@H](C(NCCSCc1cccc(CSCCC(N[C@@H](CC(NCCOCCOCCCCCCCl)=O)C(N[C@H]2CC(N)=O)=O)=O)n1)=O)NC2=O",815.34768,"-",588.22768
15,"Mpa","Asp(CAPA)",,"3Aze"," 3amb","Res1","L4","O=C(C[C@@H](C(N(C1)CC1C(NCc1cc(C(NCCSCc2cccc(CSCC3)n2)=O)ccc1)=O)=O)NC3=O)NCCOCCOCCCCCCCl",804.310566,"-",588.220566
16,"Mpa","Asp(CAPA)",,"Tyr"," 3Aze","Res1","L4","Oc1ccc(C[C@@H](C(N(C2)CC2C(NCCSCc2cccc(CSCCC(N[C@H]3CC(NCCOCCOCCCCCCCl)=O)=O)n2)=O)=O)NC3=O)cc1",834.321131,"-",588.221131
17,"Mpa","Asp(CAPA)",,"Phe"," Tyr","Res1","L4","Oc1ccc(C[C@@H](C(NCCSCc2cccc(CSCCC(N[C@@H](CC(NCCOCCOCCCCCCCl)=O)C(N[C@H]3Cc4ccccc4)=O)=O)n2)=O)NC3=O)cc1",898.352431,"-",588.222431
18,"Mpa","Asp(CAPA)",,"2Achc"," Ser","Res1","L4","OC[C@@H](C(NCCSCc1cccc(CSCCC(N[C@@H](CC(NCCOCCOCCCCCCCl)=O)C(N[C@H]2[C@H]3CCCC2)=O)=O)n1)=O)NC3=O",800.336781,"-",588.216781
19,"Mpa","Asp(CAPA)",,"NMeAla"," 2Achc","Res1","L4","C[C@@H](C(N[C@H](CCCC1)[C@@H]1C(NCCSCc1cccc(CSCCC(N[C@H]2CC(NCCOCCOCCCCCCCl)=O)=O)n1)=O)=O)N(C)C2=O",798.357516,"-",588.217516
20,"Mpa","Asp(CAPA)",,"Isn"," D-Pro","Res1","L4","O=C(C[C@@H](C(N(CC1)CCC1C(N(CCC1)[C@H]1C(NCCSCc1cccc(CSCC2)n1)=O)=O)=O)NC2=O)NCCOCCOCCCCCCCl",796.341866,"-",588.221866
21,"Mpa","Asp(CAPA)",,"Gln"," Thr","Res1","L4","C[C@H]([C@@H](C(NCCSCc1cccc(CSCCC(N[C@@H](CC(NCCOCCOCCCCCCCl)=O)C(N[C@H]2CCC(N)=O)=O)=O)n1)=O)NC2=O)O",817.326945,"-",588.216945
22,"Mpa","Asp(CAPA)",,"D-Pip"," Isn","Res1","L4","O=C(C[C@@H](C(N(CCCC1)[C@H]1C(N(CC1)CCC1C(NCCSCc1cccc(CSCC2)n1)=O)=O)=O)NC2=O)NCCOCCOCCCCCCCl",810.357516,"-",588.217516
23,"Mpa","Asp(CAPA)",,"Val"," Aze","Res1","L4","CC(C)[C@@H](C(N(CC1)[C@@H]1C(NCCSCc1cccc(CSCCC(N[C@H]2CC(NCCOCCOCCCCCCCl)=O)=O)n1)=O)=O)NC2=O",770.326216,"-",588.216216
24,"Mpa","Asp(CAPA)",,"Trp"," Leu","Res1","L4","CC(C)C[C@@H](C(NCCSCc1cccc(CSCCC(N[C@@H](CC(NCCOCCOCCCCCCCl)=O)C(N[C@H]2Cc3c[nH]c4c3cccc4)=O)=O)n1)=O)NC2=O",887.384065,"-",588.224065
25,"Mpa","Asp(CAPA)",,"D-Ala"," cAcha","Res1","L4","C[C@H](C(NC(CC1)CCC1CC(NCCSCc1cccc(CSCCC(N[C@H]2CC(NCCOCCOCCCCCCCl)=O)=O)n1)=O)=O)NC2=O",798.357516,"-",588.217516
26,"Mpa","Asp(CAPA)",,"Trp"," cAcha","Res1","L4","O=C(C[C@@H](C(N[C@@H](Cc1c[nH]c2c1cccc2)C(NC(CC1)CCC1CC(NCCSCc1cccc(CSCC2)n1)=O)=O)=O)NC2=O)NCCOCCOCCCCCCCl",913.399715,"-",588.219715
27,"Mpa","Asp(CAPA)",,"Gln"," 2Achc","Res1","L4","NC(CC[C@@H](C(N[C@H](CCCC1)[C@@H]1C(NCCSCc1cccc(CSCCC(N[C@H]2CC(NCCOCCOCCCCCCCl)=O)=O)n1)=O)=O)NC2=O)=O",841.36333,"-",588.21333
28,"Mpa","Asp(CAPA)",,"D-Ala"," Tyr","Res1","L4","C[C@H](C(N[C@@H](Cc(cc1)ccc1O)C(NCCSCc1cccc(CSCCC(N[C@H]2CC(NCCOCCOCCCCCCCl)=O)=O)n1)=O)=O)NC2=O",822.321131,"-",588.221131
29,"Mpa","Asp(CAPA)",,"Val"," His","Res1","L4","CC(C)[C@@H](C(N[C@@H](Cc1c[nH]cn1)C(NCCSCc1cccc(CSCCC(N[C@H]2CC(NCCOCCOCCCCCCCl)=O)=O)n1)=O)=O)NC2=O",824.348014,"-",588.218014
30,"Mpa","Asp(CAPA)",,"Val"," D-Pip","Res1","L4","CC(C)[C@@H](C(N(CCCC1)[C@H]1C(NCCSCc1cccc(CSCCC(N[C@H]2CC(NCCOCCOCCCCCCCl)=O)=O)n1)=O)=O)NC2=O",798.357516,"-",588.217516
31,"Mpa","Asp(CAPA)",,"Pro"," 3Aze","Res1","L4","O=C(C[C@@H](C(N(CCC1)[C@@H]1C(N(C1)CC1C(NCCSCc1cccc(CSCC2)n1)=O)=O)=O)NC2=O)NCCOCCOCCCCCCCl",768.310566,"-",588.220566
32,"Mpa","Asp(CAPA)",,"Nip"," Sar","Res1","L4","CN(CC(NCCSCc1cccc(CSCCC(N[C@@H](CC(NCCOCCOCCCCCCCl)=O)C(N2C[C@@H]3CCC2)=O)=O)n1)=O)C3=O",770.326216,"-",588.216216
33,"Mpa","Asp(CAPA)",,"His"," Ile","Res1","L4","CC[C@H](C)[C@@H](C(NCCSCc1cccc(CSCCC(N[C@@H](CC(NCCOCCOCCCCCCCl)=O)C(N[C@H]2Cc3c[nH]cn3)=O)=O)n1)=O)NC2=O",838.363664,"-",588.223664
34,"Mpa","Asp(CAPA)",,"His"," Nip","Res1","L4","O=C(C[C@@H](C(N[C@@H](Cc1c[nH]cn1)C(N(CCC1)C[C@H]1C(NCCSCc1cccc(CSCC2)n1)=O)=O)=O)NC2=O)NCCOCCOCCCCCCCl",836.348014,"-",588.218014
35,"Mpa","Asp(CAPA)",,"D-Pro"," D-Pro","Res1","L4","O=C(C[C@@H](C(N(CCC1)[C@H]1C(N(CCC1)[C@H]1C(NCCSCc1cccc(CSCC2)n1)=O)=O)=O)NC2=O)NCCOCCOCCCCCCCl",782.326216,"-",588.226216
36,"Mpa","Asp(CAPA)",,"Ser"," Sar","Res1","L4","CN(CC(NCCSCc1cccc(CSCCC(N[C@@H](CC(NCCOCCOCCCCCCCl)=O)C(N[C@H]2CO)=O)=O)n1)=O)C2=O",746.289831,"-",588.219831
37,"Mpa","Asp(CAPA)",,"Phe"," Gly","Res1","L4","O=C(C[C@@H](C(N[C@@H](Cc1ccccc1)C(NCC(NCCSCc1cccc(CSCC2)n1)=O)=O)=O)NC2=O)NCCOCCOCCCCCCCl",792.310566,"-",588.220566
38,"Mpa","Asp(CAPA)",,"D-Ala"," D-Pro","Res1","L4","C[C@H](C(N(CCC1)[C@H]1C(NCCSCc1cccc(CSCCC(N[C@H]2CC(NCCOCCOCCCCCCCl)=O)=O)n1)=O)=O)NC2=O",756.310566,"-",588.220566
39,"Mpa","Asp(CAPA)",,"Phe"," Sar","Res1","L4","CN(CC(NCCSCc1cccc(CSCCC(N[C@@H](CC(NCCOCCOCCCCCCCl)=O)C(N[C@H]2Cc3ccccc3)=O)=O)n1)=O)C2=O",806.326216,"-",588.216216
40,"Mpa","Asp(CAPA)",,"NMeAla"," Thr","Res1","L4","C[C@H]([C@@H](C(NCCSCc1cccc(CSCCC(N[C@@H](CC(NCCOCCOCCCCCCCl)=O)C(N(C)[C@H]2C)=O)=O)n1)=O)NC2=O)O",774.321131,"-",588.221131
41,"Mpa","Asp(CAPA)",,"Val"," Leu","Res1","L4","CC(C)C[C@@H](C(NCCSCc1cccc(CSCCC(N[C@@H](CC(NCCOCCOCCCCCCCl)=O)C(N[C@H]2C(C)C)=O)=O)n1)=O)NC2=O",800.373166,"-",588.223166
42,"Mpa","Asp(CAPA)",,"Nip"," bAla","Res1","L4","O=C(C[C@@H](C(N(CCC1)C[C@H]1C(NCCC(NCCSCc1cccc(CSCC2)n1)=O)=O)=O)NC2=O)NCCOCCOCCCCCCCl",770.326216,"-",588.216216
43,"Mpa","Asp(CAPA)",,"Trp"," Gly","Res1","L4","O=C(C[C@@H](C(N[C@@H](Cc1c[nH]c2c1cccc2)C(NCC(NCCSCc1cccc(CSCC2)n1)=O)=O)=O)NC2=O)NCCOCCOCCCCCCCl",831.321465,"-",588.221465
44,"Mpa","Asp(CAPA)",,"His"," Leu","Res1","L4","CC(C)C[C@@H](C(NCCSCc1cccc(CSCCC(N[C@@H](CC(NCCOCCOCCCCCCCl)=O)C(N[C@H]2Cc3c[nH]cn3)=O)=O)n1)=O)NC2=O",838.363664,"-",588.223664
45,"Mpa","Asp(CAPA)",,"D-Ala"," Ala","Res1","L4","C[C@@H](C(NCCSCc1cccc(CSCCC(N[C@@H](CC(NCCOCCOCCCCCCCl)=O)C(N[C@@H]2C)=O)=O)n1)=O)NC2=O",730.294916,"-",588.214916
46,"Mpa","Asp(CAPA)",,"bAla"," Thr","Res1","L4","C[C@H]([C@@H](C(NCCSCc1cccc(CSCCC(N[C@@H](CC(NCCOCCOCCCCCCCl)=O)C(NCC2)=O)=O)n1)=O)NC2=O)O",760.305481,"-",588.215481
47,"Mpa","Asp(CAPA)",,"Val"," Val","Res1","L4","CC(C)[C@@H](C(NCCSCc1cccc(CSCCC(N[C@@H](CC(NCCOCCOCCCCCCCl)=O)C(N[C@H]2C(C)C)=O)=O)n1)=O)NC2=O",786.357516,"-",588.217516
48,"Mpa","Asp(CAPA)",,"4amb"," Ala","Res1","L4","C[C@@H](C(NCCSCc1cccc(CSCCC(N[C@@H](CC(NCCOCCOCCCCCCCl)=O)C(NCc2ccc3cc2)=O)=O)n1)=O)NC3=O",792.310566,"-",588.220566
49,"Mpa","Asp(CAPA)",,"cAcha"," 2Achc","Res1","L4","O=C(C[C@@H](C(NC(CC1)CCC1CC(N[C@H](CCCC1)[C@@H]1C(NCCSCc1cccc(CSCC2)n1)=O)=O)=O)NC2=O)NCCOCCOCCCCCCCl",852.404466,"-",588.214466
50,"Mpa","Asp(CAPA)",,"3amb"," 3amb","Res1","L4","O=C(C[C@@H](C(NCc1cc(C(NCc2cc(C(NCCSCc3cccc(CSCC4)n3)=O)ccc2)=O)ccc1)=O)NC4=O)NCCOCCOCCCCCCCl",854.326216,"-",588.226216
51,"Mpa","Asp(CAPA)",,"D-Pip"," Sar","Res1","L4","CN(CC(NCCSCc1cccc(CSCCC(N[C@@H](CC(NCCOCCOCCCCCCCl)=O)C(N2[C@@H]3CCCC2)=O)=O)n1)=O)C3=O",770.326216,"-",588.216216
52,"Mpa","Asp(CAPA)",,"Ala"," Isn","Res1","L4","C[C@@H](C(N(CC1)CCC1C(NCCSCc1cccc(CSCCC(N[C@H]2CC(NCCOCCOCCCCCCCl)=O)=O)n1)=O)=O)NC2=O",770.326216,"-",588.216216
53,"Mpa","Asp(CAPA)",,"Gly"," bAla","Res1","L4","O=C(C[C@@H](C(NCC(NCCC(NCCSCc1cccc(CSCC2)n1)=O)=O)=O)NC2=O)NCCOCCOCCCCCCCl",716.279266,"-",588.219266
54,"Mpa","Asp(CAPA)",,"Sar"," Val","Res1","L4","CC(C)[C@@H](C(NCCSCc1cccc(CSCCC(N[C@@H](CC(NCCOCCOCCCCCCCl)=O)C(N(C)C2)=O)=O)n1)=O)NC2=O",758.326216,"-",588.216216
55,"Mpa","Asp(CAPA)",,"Pro"," Nip","Res1","L4","O=C(C[C@@H](C(N(CCC1)[C@@H]1C(N(CCC1)C[C@H]1C(NCCSCc1cccc(CSCC2)n1)=O)=O)=O)NC2=O)NCCOCCOCCCCCCCl",796.341866,"-",588.221866
56,"Mpa","Asp(CAPA)",,"Ile"," cAcha","Res1","L4","CC[C@H](C)[C@@H](C(NC(CC1)CCC1CC(NCCSCc1cccc(CSCCC(N[C@H]2CC(NCCOCCOCCCCCCCl)=O)=O)n1)=O)=O)NC2=O",840.404466,"-",588.224466
57,"Mpa","Asp(CAPA)",,"D-Ala"," NMeAla","Res1","L4","C[C@H](C(N(C)[C@@H](C)C(NCCSCc1cccc(CSCCC(N[C@H]2CC(NCCOCCOCCCCCCCl)=O)=O)n1)=O)=O)NC2=O",744.310566,"-",588.220566
58,"Mpa","Asp(CAPA)",,"Ala"," 3amb","Res1","L4","C[C@@H](C(NCc1cc(C(NCCSCc2cccc(CSCCC(N[C@H]3CC(NCCOCCOCCCCCCCl)=O)=O)n2)=O)ccc1)=O)NC3=O",792.310566,"-",588.220566
59,"Mpa","Asp(CAPA)",,"2Achc"," 4amb","Res1","L4","O=C(C[C@@H](C(N[C@H](CCCC1)[C@@H]1C(NCc(cc1)ccc1C(NCCSCc1cccc(CSCC2)n1)=O)=O)=O)NC2=O)NCCOCCOCCCCCCCl",846.357516,"-",588.217516
60,"Mpa","Asp(CAPA)",,"Aze"," Sar","Res1","L4","CN(CC(NCCSCc1cccc(CSCCC(N[C@@H](CC(NCCOCCOCCCCCCCl)=O)C(N2[C@H]3CC2)=O)=O)n1)=O)C3=O",742.294916,"-",588.214916
61,"Mpa","Asp(CAPA)",,"2Achc"," 2Achc","Res1","L4","O=C(C[C@@H](C(N[C@H](CCCC1)[C@@H]1C(N[C@H](CCCC1)[C@@H]1C(NCCSCc1cccc(CSCC2)n1)=O)=O)=O)NC2=O)NCCOCCOCCCCCCCl",838.388816,"-",588.208816
62,"Mpa","Asp(CAPA)",,"4amb"," Asn","Res1","L4","NC(C[C@@H](C(NCCSCc1cccc(CSCCC(N[C@@H](CC(NCCOCCOCCCCCCCl)=O)C(NCc2ccc3cc2)=O)=O)n1)=O)NC3=O)=O",835.31638,"-",588.22638
63,"Mpa","Asp(CAPA)",,"cAcha"," 3Aze","Res1","L4","O=C(C[C@@H](C(NC(CC1)CCC1CC(N(C1)CC1C(NCCSCc1cccc(CSCC2)n1)=O)=O)=O)NC2=O)NCCOCCOCCCCCCCl",810.357516,"-",588.217516
64,"Mpa","Asp(CAPA)",,"4amb"," D-Ala","Res1","L4","C[C@H](C(NCCSCc1cccc(CSCCC(N[C@@H](CC(NCCOCCOCCCCCCCl)=O)C(NCc2ccc3cc2)=O)=O)n1)=O)NC3=O",792.310566,"-",588.220566
65,"Mpa","Asp(CAPA)",,"Nip"," 3Aze","Res1","L4","O=C(C[C@@H](C(N(CCC1)C[C@H]1C(N(C1)CC1C(NCCSCc1cccc(CSCC2)n1)=O)=O)=O)NC2=O)NCCOCCOCCCCCCCl",782.326216,"-",588.216216
66,"Mpa","Asp(CAPA)",,"3Aze"," His","Res1","L4","O=C(C[C@@H](C(N(C1)CC1C(N[C@@H](Cc1c[nH]cn1)C(NCCSCc1cccc(CSCC2)n1)=O)=O)=O)NC2=O)NCCOCCOCCCCCCCl",808.316714,"-",588.216714
67,"Mpa","Asp(CAPA)",,"Leu"," Gly","Res1","L4","CC(C)C[C@@H](C(NCC(NCCSCc1cccc(CSCCC(N[C@H]2CC(NCCOCCOCCCCCCCl)=O)=O)n1)=O)=O)NC2=O",758.326216,"-",588.226216
68,"Mpa","Asp(CAPA)",,"Val"," Nip","Res1","L4","CC(C)[C@@H](C(N(CCC1)C[C@H]1C(NCCSCc1cccc(CSCCC(N[C@H]2CC(NCCOCCOCCCCCCCl)=O)=O)n1)=O)=O)NC2=O",798.357516,"-",588.217516
69,"Mpa","Asp(CAPA)",,"Tyr"," 3amb","Res1","L4","Oc1ccc(C[C@@H](C(NCc2cc(C(NCCSCc3cccc(CSCCC(N[C@H]4CC(NCCOCCOCCCCCCCl)=O)=O)n3)=O)ccc2)=O)NC4=O)cc1",884.336781,"-",588.226781
70,"Mpa","Asp(CAPA)",,"4amb"," Ile","Res1","L4","CC[C@H](C)[C@@H](C(NCCSCc1cccc(CSCCC(N[C@@H](CC(NCCOCCOCCCCCCCl)=O)C(NCc2ccc3cc2)=O)=O)n1)=O)NC3=O",834.357516,"-",588.227516
71,"Mpa","Asp(CAPA)",,"Phe"," Asn","Res1","L4","NC(C[C@@H](C(NCCSCc1cccc(CSCCC(N[C@@H](CC(NCCOCCOCCCCCCCl)=O)C(N[C@H]2Cc3ccccc3)=O)=O)n1)=O)NC2=O)=O",849.33203,"-",588.22203
72,"Mpa","Asp(CAPA)",,"Nip"," His","Res1","L4","O=C(C[C@@H](C(N(CCC1)C[C@H]1C(N[C@@H](Cc1c[nH]cn1)C(NCCSCc1cccc(CSCC2)n1)=O)=O)=O)NC2=O)NCCOCCOCCCCCCCl",836.348014,"-",588.218014
73,"Mpa","Asp(CAPA)",,"Isn"," 4amb","Res1","L4","O=C(C[C@@H](C(N(CC1)CCC1C(NCc(cc1)ccc1C(NCCSCc1cccc(CSCC2)n1)=O)=O)=O)NC2=O)NCCOCCOCCCCCCCl",832.341866,"-",588.221866
74,"Mpa","Asp(CAPA)",,"4amb"," 3Aze","Res1","L4","O=C(C[C@@H](C(NCc(cc1)ccc1C(N(C1)CC1C(NCCSCc1cccc(CSCC2)n1)=O)=O)=O)NC2=O)NCCOCCOCCCCCCCl",804.310566,"-",588.220566
75,"Mpa","Asp(CAPA)",,"2Achc"," Isn","Res1","L4","O=C(C[C@@H](C(N[C@H](CCCC1)[C@@H]1C(N(CC1)CCC1C(NCCSCc1cccc(CSCC2)n1)=O)=O)=O)NC2=O)NCCOCCOCCCCCCCl",824.373166,"-",588.213166
76,"Mpa","Asp(CAPA)",,"D-Ala"," D-Pip","Res1","L4","C[C@H](C(N(CCCC1)[C@H]1C(NCCSCc1cccc(CSCCC(N[C@H]2CC(NCCOCCOCCCCCCCl)=O)=O)n1)=O)=O)NC2=O",770.326216,"-",588.216216
77,"Mpa","Asp(CAPA)",,"Gln"," Phe","Res1","L4","NC(CC[C@@H](C(N[C@@H](Cc1ccccc1)C(NCCSCc1cccc(CSCCC(N[C@H]2CC(NCCOCCOCCCCCCCl)=O)=O)n1)=O)=O)NC2=O)=O",863.34768,"-",588.21768
78,"Mpa","Asp(CAPA)",,"bAla"," NMeAla","Res1","L4","C[C@@H](C(NCCSCc1cccc(CSCCC(N[C@@H](CC(NCCOCCOCCCCCCCl)=O)C(NCC2)=O)=O)n1)=O)N(C)C2=O",744.310566,"-",588.220566
79,"Mpa","Asp(CAPA)",,"Phe"," cAcha","Res1","L4","O=C(C[C@@H](C(N[C@@H](Cc1ccccc1)C(NC(CC1)CCC1CC(NCCSCc1cccc(CSCC2)n1)=O)=O)=O)NC2=O)NCCOCCOCCCCCCCl",874.388816,"-",588.218816
80,"Mpa","Asp(CAPA)",,"Thr"," Val","Res1","L4","CC(C)[C@@H](C(NCCSCc1cccc(CSCCC(N[C@@H](CC(NCCOCCOCCCCCCCl)=O)C(N[C@H]2[C@@H](C)O)=O)=O)n1)=O)NC2=O",788.336781,"-",588.216781
81,"Mpa","Asp(CAPA)",,"Ile"," Pro","Res1","L4","CC[C@H](C)[C@@H](C(N(CCC1)[C@@H]1C(NCCSCc1cccc(CSCCC(N[C@H]2CC(NCCOCCOCCCCCCCl)=O)=O)n1)=O)=O)NC2=O",798.357516,"-",588.227516
82,"Mpa","Asp(CAPA)",,"Aze"," NMeAla","Res1","L4","C[C@@H](C(NCCSCc1cccc(CSCCC(N[C@@H](CC(NCCOCCOCCCCCCCl)=O)C(N2[C@H]3CC2)=O)=O)n1)=O)N(C)C3=O",756.310566,"-",588.220566
83,"Mpa","Asp(CAPA)",,"cAcha"," Sar","Res1","L4","CN(CC(NCCSCc1cccc(CSCCC(N[C@@H](CC(NCCOCCOCCCCCCCl)=O)C(NC(CC2)CCC2C2)=O)=O)n1)=O)C2=O",798.357516,"-",588.217516
84,"Mpa","Asp(CAPA)",,"Nip"," D-Pro","Res1","L4","O=C(C[C@@H](C(N(CCC1)C[C@H]1C(N(CCC1)[C@H]1C(NCCSCc1cccc(CSCC2)n1)=O)=O)=O)NC2=O)NCCOCCOCCCCCCCl",796.341866,"-",588.221866
85,"Mpa","Asp(CAPA)",,"Pro"," Tyr","Res1","L4","Oc1ccc(C[C@@H](C(NCCSCc2cccc(CSCCC(N[C@@H](CC(NCCOCCOCCCCCCCl)=O)C(N3[C@H]4CCC3)=O)=O)n2)=O)NC4=O)cc1",848.336781,"-",588.226781
86,"Mpa","Asp(CAPA)",,"Tyr"," Ile","Res1","L4","CC[C@H](C)[C@@H](C(NCCSCc1cccc(CSCCC(N[C@@H](CC(NCCOCCOCCCCCCCl)=O)C(N[C@H]2Cc(cc3)ccc3O)=O)=O)n1)=O)NC2=O",864.368081,"-",588.228081
87,"Mpa","Asp(CAPA)",,"4amb"," Tyr","Res1","L4","Oc1ccc(C[C@@H](C(NCCSCc2cccc(CSCCC(N[C@@H](CC(NCCOCCOCCCCCCCl)=O)C(NCc3ccc4cc3)=O)=O)n2)=O)NC4=O)cc1",884.336781,"-",588.226781
88,"Mpa","Asp(CAPA)",,"Thr"," His","Res1","L4","C[C@H]([C@@H](C(N[C@@H](Cc1c[nH]cn1)C(NCCSCc1cccc(CSCCC(N[C@H]2CC(NCCOCCOCCCCCCCl)=O)=O)n1)=O)=O)NC2=O)O",826.327279,"-",588.217279
89,"Mpa","Asp(CAPA)",,"Leu"," Pro","Res1","L4","CC(C)C[C@@H](C(N(CCC1)[C@@H]1C(NCCSCc1cccc(CSCCC(N[C@H]2CC(NCCOCCOCCCCCCCl)=O)=O)n1)=O)=O)NC2=O",798.357516,"-",588.227516
90,"Mpa","Asp(CAPA)",,"Gly"," D-Pro","Res1","L4","O=C(C[C@@H](C(NCC(N(CCC1)[C@H]1C(NCCSCc1cccc(CSCC2)n1)=O)=O)=O)NC2=O)NCCOCCOCCCCCCCl",742.294916,"-",588.224916
91,"Mpa","Asp(CAPA)",,"D-Pro"," Gly","Res1","L4","O=C(C[C@@H](C(N(CCC1)[C@H]1C(NCC(NCCSCc1cccc(CSCC2)n1)=O)=O)=O)NC2=O)NCCOCCOCCCCCCCl",742.294916,"-",588.224916
92,"Mpa","Asp(CAPA)",,"Ser"," Ser","Res1","L4","OC[C@@H](C(NCCSCc1cccc(CSCCC(N[C@@H](CC(NCCOCCOCCCCCCCl)=O)C(N[C@H]2CO)=O)=O)n1)=O)NC2=O",762.284746,"-",588.224746
93,"Mpa","Asp(CAPA)",,"Pro"," 2Achc","Res1","L4","O=C(C[C@@H](C(N(CCC1)[C@@H]1C(N[C@H](CCCC1)[C@@H]1C(NCCSCc1cccc(CSCC2)n1)=O)=O)=O)NC2=O)NCCOCCOCCCCCCCl",810.357516,"-",588.217516
94,"Mpa","Asp(CAPA)",,"3amb"," 2Achc","Res1","L4","O=C(C[C@@H](C(NCc1cc(C(N[C@H](CCCC2)[C@@H]2C(NCCSCc2cccc(CSCC3)n2)=O)=O)ccc1)=O)NC3=O)NCCOCCOCCCCCCCl",846.357516,"-",588.217516
95,"Mpa","Asp(CAPA)",,"Tyr"," Isn","Res1","L4","Oc1ccc(C[C@@H](C(N(CC2)CCC2C(NCCSCc2cccc(CSCCC(N[C@H]3CC(NCCOCCOCCCCCCCl)=O)=O)n2)=O)=O)NC3=O)cc1",862.352431,"-",588.222431
96,"Mpa","Asp(CAPA)",,"NMeAla"," Tyr","Res1","L4","C[C@@H](C(N[C@@H](Cc(cc1)ccc1O)C(NCCSCc1cccc(CSCCC(N[C@H]2CC(NCCOCCOCCCCCCCl)=O)=O)n1)=O)=O)N(C)C2=O",836.336781,"-",588.226781
97,"Mpa","Asp(CAPA)","Tyr"," Ile"," Phe","Res1","L4","CC[C@H](C)[C@@H](C(N[C@@H](Cc1ccccc1)C(NCCSCc1cccc(CSCCC(N[C@@H](CC(NCCOCCOCCCCCCCl)=O)C(N[C@H]2Cc(cc3)ccc3O)=O)=O)n1)=O)=O)NC2=O",1011.4365,735.2965,751.2865
98,"Mpa","Asp(CAPA)","D-Ala"," His"," Ala","Res1","L4","C[C@@H](C(NCCSCc1cccc(CSCCC(N[C@@H](CC(NCCOCCOCCCCCCCl)=O)C(N[C@H](C)C(N[C@H]2Cc3c[nH]cn3)=O)=O)=O)n1)=O)NC2=O",867.353828,659.253828,659.253828
99,"Mpa","Asp(CAPA)","Isn"," Pro"," Aze","Res1","L4","O=C(C[C@@H](C(N(CC1)CCC1C(N(CCC1)[C@@H]1C(N(CC1)[C@@H]1C(NCCSCc1cccc(CSCC2)n1)=O)=O)=O)=O)NC2=O)NCCOCCOCCCCCCCl",879.37898,671.25898,699.28898
100,"Mpa","Asp(CAPA)","3Aze"," D-Pro"," D-Pip","Res1","L4","O=C(C[C@@H](C(N(C1)CC1C(N(CCC1)[C@H]1C(N(CCCC1)[C@H]1C(NCCSCc1cccc(CSCC2)n1)=O)=O)=O)=O)NC2=O)NCCOCCOCCCCCCCl",879.37898,699.28898,671.25898
101,"Mpa","Asp(CAPA)","Sar"," Asn"," Isn","Res1","L4","CN(CC(N[C@@H](CC(N)=O)C(N(CC1)CCC1C(NCCSCc1cccc(CSCCC(N[C@H]2CC(NCCOCCOCCCCCCCl)=O)=O)n1)=O)=O)=O)C2=O",884.369144,699.289144,659.259144
102,"Mpa","Asp(CAPA)","3amb"," Gln"," 3Aze","Res1","L4","NC(CC[C@@H](C(N(C1)CC1C(NCCSCc1cccc(CSCCC(N[C@@H](CC(NCCOCCOCCCCCCCl)=O)C(NCc2cc3ccc2)=O)=O)n1)=O)=O)NC3=O)=O",932.369144,671.259144,721.269144
103,"Mpa","Asp(CAPA)","cAcha"," Leu"," 3Aze","Res1","L4","CC(C)C[C@@H](C(N(C1)CC1C(NCCSCc1cccc(CSCCC(N[C@@H](CC(NCCOCCOCCCCCCCl)=O)C(NC(CC2)CCC2C2)=O)=O)n1)=O)=O)NC2=O",923.44158,671.26158,727.32158
104,"Mpa","Asp(CAPA)","D-Pip"," D-Pro"," Gln","Res1","L4","NC(CC[C@@H](C(NCCSCc1cccc(CSCCC(N[C@@H](CC(NCCOCCOCCCCCCCl)=O)C(N(CCCC2)[C@H]2C(N2[C@@H]3CCC2)=O)=O)=O)n1)=O)NC3=O)=O",924.400444,716.280444,699.290444
105,"Mpa","Asp(CAPA)","3amb"," Phe"," Aze","Res1","L4","O=C(C[C@@H](C(NCc1cc(C(N[C@@H](Cc2ccccc2)C(N(CC2)[C@@H]2C(NCCSCc2cccc(CSCC3)n2)=O)=O)=O)ccc1)=O)NC3=O)NCCOCCOCCCCCCCl",951.37898,671.25898,721.26898
106,"Mpa","Asp(CAPA)","Thr"," Val"," Ser","Res1","L4","CC(C)[C@@H](C(N[C@@H](CO)C(NCCSCc1cccc(CSCCC(N[C@@H](CC(NCCOCCOCCCCCCCl)=O)C(N[C@H]2[C@@H](C)O)=O)=O)n1)=O)=O)NC2=O",875.36881,675.24881,689.26881
107,"Mpa","Asp(CAPA)","D-Ala"," bAla"," Thr","Res1","L4","C[C@H]([C@@H](C(NCCSCc1cccc(CSCCC(N[C@@H](CC(NCCOCCOCCCCCCCl)=O)C(N[C@H](C)C(NCC2)=O)=O)=O)n1)=O)NC2=O)O",831.342595,689.262595,659.252595
108,"Mpa","Asp(CAPA)","Aze"," D-Pro"," Gly","Res1","L4","O=C(C[C@@H](C(N(CC1)[C@@H]1C(N(CCC1)[C@H]1C(NCC(NCCSCc1cccc(CSCC2)n1)=O)=O)=O)=O)NC2=O)NCCOCCOCCCCCCCl",825.33203,645.24203,671.26203
109,"Mpa","Asp(CAPA)","Tyr"," Sar"," Val","Res1","L4","CC(C)[C@@H](C(NCCSCc1cccc(CSCCC(N[C@@H](CC(NCCOCCOCCCCCCCl)=O)C(N[C@@H](Cc(cc2)ccc2O)C(N(C)C2)=O)=O)=O)n1)=O)NC2=O",921.389545,687.289545,751.279545
110,"Mpa","Asp(CAPA)","Aze"," Ile"," Asn","Res1","L4","CC[C@H](C)[C@@H](C(N[C@@H](CC(N)=O)C(NCCSCc1cccc(CSCCC(N[C@@H](CC(NCCOCCOCCCCCCCl)=O)C(N2[C@H]3CC2)=O)=O)n1)=O)=O)NC3=O",898.384794,702.264794,671.264794
111,"Mpa","Asp(CAPA)","3Aze"," D-Pro"," Gly","Res1","L4","O=C(C[C@@H](C(N(C1)CC1C(N(CCC1)[C@H]1C(NCC(NCCSCc1cccc(CSCC2)n1)=O)=O)=O)=O)NC2=O)NCCOCCOCCCCCCCl",825.33203,645.24203,671.26203
112,"Mpa","Asp(CAPA)","4amb"," Sar"," Phe","Res1","L4","CN(CC(N[C@@H](Cc1ccccc1)C(NCCSCc1cccc(CSCCC(N[C@@H](CC(NCCOCCOCCCCCCCl)=O)C(NCc2ccc3cc2)=O)=O)n1)=O)=O)C3=O",939.37898,735.28898,721.26898
113,"Mpa","Asp(CAPA)","D-Ala"," Sar"," 3Aze","Res1","L4","C[C@H](C(N(C)CC(N(C1)CC1C(NCCSCc1cccc(CSCCC(N[C@H]2CC(NCCOCCOCCCCCCCl)=O)=O)n1)=O)=O)=O)NC2=O",813.33203,671.25203,659.25203
114,"Mpa","Asp(CAPA)","Sar"," Aze"," NMeAla","Res1","L4","C[C@@H](C(NCCSCc1cccc(CSCCC(N[C@@H](CC(NCCOCCOCCCCCCCl)=O)C(N(C)CC(N2[C@H]3CC2)=O)=O)=O)n1)=O)N(C)C3=O",827.34768,673.26768,659.25768
115,"Mpa","Asp(CAPA)","Aze"," D-Pro"," D-Ala","Res1","L4","C[C@H](C(NCCSCc1cccc(CSCCC(N[C@@H](CC(NCCOCCOCCCCCCCl)=O)C(N(CC2)[C@@H]2C(N2[C@@H]3CCC2)=O)=O)=O)n1)=O)NC3=O",839.34768,659.25768,671.25768
116,"Mpa","Asp(CAPA)","Pro"," Asn"," D-Pro","Res1","L4","NC(C[C@@H](C(N(CCC1)[C@H]1C(NCCSCc1cccc(CSCCC(N[C@@H](CC(NCCOCCOCCCCCCCl)=O)C(N2[C@H]3CCC2)=O)=O)n1)=O)=O)NC3=O)=O",896.369144,685.279144,685.279144
117,"Mpa","Asp(CAPA)","Nip"," D-Pro"," Nip","Res1","L4","O=C(C[C@@H](C(N(CCC1)C[C@H]1C(N(CCC1)[C@H]1C(N(CCC1)C[C@H]1C(NCCSCc1cccc(CSCC2)n1)=O)=O)=O)=O)NC2=O)NCCOCCOCCCCCCCl",907.41028,699.29028,699.29028
118,"Mpa","Asp(CAPA)","Val"," Ser"," bAla","Res1","L4","CC(C)[C@@H](C(N[C@@H](CO)C(NCCC(NCCSCc1cccc(CSCCC(N[C@H]2CC(NCCOCCOCCCCCCCl)=O)=O)n1)=O)=O)=O)NC2=O",845.358245,659.258245,687.288245
119,"Mpa","Asp(CAPA)","D-Pip"," NMeAla"," Isn","Res1","L4","C[C@@H](C(N(CC1)CCC1C(NCCSCc1cccc(CSCCC(N[C@@H](CC(NCCOCCOCCCCCCCl)=O)C(N2[C@@H]3CCCC2)=O)=O)n1)=O)=O)N(C)C3=O",895.41028,699.29028,699.29028
120,"Mpa","Asp(CAPA)","Trp"," Leu"," D-Ala","Res1","L4","CC(C)C[C@@H](C(N[C@H](C)C(NCCSCc1cccc(CSCCC(N[C@@H](CC(NCCOCCOCCCCCCCl)=O)C(N[C@H]2Cc3c[nH]c4c3cccc4)=O)=O)n1)=O)=O)NC2=O",958.421179,659.261179,774.301179
121,"Mpa","Asp(CAPA)","Aze"," 3amb"," Thr","Res1","L4","C[C@H]([C@@H](C(NCCSCc1cccc(CSCCC(N[C@@H](CC(NCCOCCOCCCCCCCl)=O)C(N(CC2)[C@@H]2C(NCc2cc3ccc2)=O)=O)=O)n1)=O)NC3=O)O",905.358245,689.268245,671.258245
122,"Mpa","Asp(CAPA)","Tyr"," Trp"," D-Ala","Res1","L4","C[C@H](C(NCCSCc1cccc(CSCCC(N[C@@H](CC(NCCOCCOCCCCCCCl)=O)C(N[C@@H](Cc(cc2)ccc2O)C(N[C@H]2Cc3c[nH]c4c3cccc4)=O)=O)=O)n1)=O)NC2=O",1008.40044,659.26044,751.28044
123,"Mpa","Asp(CAPA)","4amb"," Phe"," 2Achc","Res1","L4","O=C(C[C@@H](C(NCc(cc1)ccc1C(N[C@@H](Cc1ccccc1)C(N[C@H](CCCC1)[C@@H]1C(NCCSCc1cccc(CSCC2)n1)=O)=O)=O)=O)NC2=O)NCCOCCOCCCCCCCl",993.42593,713.30593,721.26593
124,"Mpa","Asp(CAPA)","Thr"," cAcha"," D-Pro","Res1","L4","C[C@H]([C@@H](C(NC(CC1)CCC1CC(N(CCC1)[C@H]1C(NCCSCc1cccc(CSCCC(N[C@H]2CC(NCCOCCOCCCCCCCl)=O)=O)n1)=O)=O)=O)NC2=O)O",925.420845,685.270845,689.270845
125,"Mpa","Asp(CAPA)","Tyr"," Val"," NMeAla","Res1","L4","CC(C)[C@@H](C(N(C)[C@@H](C)C(NCCSCc1cccc(CSCCC(N[C@@H](CC(NCCOCCOCCCCCCCl)=O)C(N[C@H]2Cc(cc3)ccc3O)=O)=O)n1)=O)=O)NC2=O",935.405195,673.275195,751.285195
126,"Mpa","Asp(CAPA)","cAcha"," NMeAla"," 4amb","Res1","L4","C[C@@H](C(NCc(cc1)ccc1C(NCCSCc1cccc(CSCCC(N[C@@H](CC(NCCOCCOCCCCCCCl)=O)C(NC(CC2)CCC2C2)=O)=O)n1)=O)=O)N(C)C2=O",945.42593,721.27593,727.32593
127,"Mpa","Asp(CAPA)","cAcha"," Pro"," Sar","Res1","L4","CN(CC(NCCSCc1cccc(CSCCC(N[C@@H](CC(NCCOCCOCCCCCCCl)=O)C(NC(CC2)CCC2CC(N2[C@H]3CCC2)=O)=O)=O)n1)=O)C3=O",895.41028,659.26028,727.32028
128,"Mpa","Asp(CAPA)","Ser"," 2Achc"," Phe","Res1","L4","OC[C@@H](C(N[C@H](CCCC1)[C@@H]1C(N[C@@H](Cc1ccccc1)C(NCCSCc1cccc(CSCCC(N[C@H]2CC(NCCOCCOCCCCCCCl)=O)=O)n1)=O)=O)=O)NC2=O",947.405195,735.285195,675.245195
129,"Mpa","Asp(CAPA)","cAcha"," D-Ala"," NMeAla","Res1","L4","C[C@H](C(N(C)[C@@H](C)C(NCCSCc1cccc(CSCCC(N[C@@H](CC(NCCOCCOCCCCCCCl)=O)C(NC(CC2)CCC2C2)=O)=O)n1)=O)=O)NC2=O",883.41028,673.27028,727.32028
130,"Mpa","Asp(CAPA)","2Achc"," 4amb"," Aze","Res1","L4","O=C(C[C@@H](C(N[C@H](CCCC1)[C@@H]1C(NCc(cc1)ccc1C(N(CC1)[C@@H]1C(NCCSCc1cccc(CSCC2)n1)=O)=O)=O)=O)NC2=O)NCCOCCOCCCCCCCl",929.39463,671.25463,713.30463
131,"Mpa","Asp(CAPA)","Tyr"," Val"," D-Ala","Res1","L4","CC(C)[C@@H](C(N[C@H](C)C(NCCSCc1cccc(CSCCC(N[C@@H](CC(NCCOCCOCCCCCCCl)=O)C(N[C@H]2Cc(cc3)ccc3O)=O)=O)n1)=O)=O)NC2=O",921.389545,659.259545,751.279545
132,"Mpa","Asp(CAPA)","2Achc"," Nip"," Pro","Res1","L4","O=C(C[C@@H](C(N[C@H](CCCC1)[C@@H]1C(N(CCC1)C[C@H]1C(N(CCC1)[C@@H]1C(NCCSCc1cccc(CSCC2)n1)=O)=O)=O)=O)NC2=O)NCCOCCOCCCCCCCl",921.42593,685.26593,713.30593
133,"Mpa","Asp(CAPA)","3Aze"," 2Achc"," Leu","Res1","L4","CC(C)C[C@@H](C(NCCSCc1cccc(CSCCC(N[C@@H](CC(NCCOCCOCCCCCCCl)=O)C(N(C2)CC2C(N[C@H]2[C@H]3CCCC2)=O)=O)=O)n1)=O)NC3=O",909.42593,701.29593,671.25593
134,"Mpa","Asp(CAPA)","D-Pip"," D-Ala"," Phe","Res1","L4","C[C@H](C(N[C@@H](Cc1ccccc1)C(NCCSCc1cccc(CSCCC(N[C@@H](CC(NCCOCCOCCCCCCCl)=O)C(N2[C@@H]3CCCC2)=O)=O)n1)=O)=O)NC3=O",917.39463,735.28463,699.28463
135,"Mpa","Asp(CAPA)","Gln"," D-Ala"," Sar","Res1","L4","C[C@H](C(N(C)CC(NCCSCc1cccc(CSCCC(N[C@@H](CC(NCCOCCOCCCCCCCl)=O)C(N[C@H]2CCC(N)=O)=O)=O)n1)=O)=O)NC2=O",858.353494,659.253494,716.273494
136,"Mpa","Asp(CAPA)","D-Ala"," His"," Aze","Res1","L4","C[C@H](C(N[C@@H](Cc1c[nH]cn1)C(N(CC1)[C@@H]1C(NCCSCc1cccc(CSCCC(N[C@H]2CC(NCCOCCOCCCCCCCl)=O)=O)n1)=O)=O)=O)NC2=O",879.353828,671.253828,659.253828
137,"Mpa","Asp(CAPA)","2Achc"," 3amb"," D-Pip","Res1","L4","O=C(C[C@@H](C(N[C@H](CCCC1)[C@@H]1C(NCc1cc(C(N(CCCC2)[C@H]2C(NCCSCc2cccc(CSCC3)n2)=O)=O)ccc1)=O)=O)NC3=O)NCCOCCOCCCCCCCl",957.42593,699.28593,713.30593
138,"Mpa","Asp(CAPA)","Ile"," Thr"," NMeAla","Res1","L4","CC[C@H](C)[C@@H](C(N[C@@H]([C@@H](C)O)C(N(C)[C@@H](C)C(NCCSCc1cccc(CSCCC(N[C@H]2CC(NCCOCCOCCCCCCCl)=O)=O)n1)=O)=O)=O)NC2=O",887.405195,673.275195,701.305195
139,"Mpa","Asp(CAPA)","NMeAla"," Asn"," Tyr","Res1","L4","C[C@@H](C(N[C@@H](CC(N)=O)C(N[C@@H](Cc(cc1)ccc1O)C(NCCSCc1cccc(CSCCC(N[C@H]2CC(NCCOCCOCCCCCCCl)=O)=O)n1)=O)=O)=O)N(C)C2=O",950.379709,751.289709,673.279709
140,"Mpa","Asp(CAPA)","Gly"," His"," 3amb","Res1","L4","O=C(C[C@@H](C(NCC(N[C@@H](Cc1c[nH]cn1)C(NCc1cc(C(NCCSCc2cccc(CSCC3)n2)=O)ccc1)=O)=O)=O)NC3=O)NCCOCCOCCCCCCCl",915.353828,721.273828,645.243828
141,"Mpa","Asp(CAPA)","Ile"," 3Aze"," Aze","Res1","L4","CC[C@H](C)[C@@H](C(N(C1)CC1C(N(CC1)[C@@H]1C(NCCSCc1cccc(CSCCC(N[C@H]2CC(NCCOCCOCCCCCCCl)=O)=O)n1)=O)=O)=O)NC2=O",867.37898,671.25898,701.29898
142,"Mpa","Asp(CAPA)","Pro"," bAla"," His","Res1","L4","O=C(C[C@@H](C(N(CCC1)[C@@H]1C(NCCC(N[C@@H](Cc1c[nH]cn1)C(NCCSCc1cccc(CSCC2)n1)=O)=O)=O)=O)NC2=O)NCCOCCOCCCCCCCl",893.369478,725.279478,685.269478
143,"Mpa","Asp(CAPA)","Ser"," Tyr"," Tyr","Res1","L4","OC[C@@H](C(N[C@@H](Cc(cc1)ccc1O)C(N[C@@H](Cc(cc1)ccc1O)C(NCCSCc1cccc(CSCCC(N[C@H]2CC(NCCOCCOCCCCCCCl)=O)=O)n1)=O)=O)=O)NC2=O",1001.37938,751.28938,675.25938
144,"Mpa","Asp(CAPA)","His"," Gln"," Thr","Res1","L4","C[C@H]([C@@H](C(NCCSCc1cccc(CSCCC(N[C@@H](CC(NCCOCCOCCCCCCCl)=O)C(N[C@@H](Cc2c[nH]cn2)C(N[C@H]2CCC(N)=O)=O)=O)=O)n1)=O)NC2=O)O",954.385857,689.265857,725.275857
145,"Mpa","Asp(CAPA)","Tyr"," Isn"," 2Achc","Res1","L4","Oc1ccc(C[C@@H](C(N(CC2)CCC2C(N[C@H](CCCC2)[C@@H]2C(NCCSCc2cccc(CSCCC(N[C@H]3CC(NCCOCCOCCCCCCCl)=O)=O)n2)=O)=O)=O)NC3=O)cc1",987.436495,713.306495,751.276495
146,"Mpa","Asp(CAPA)","bAla"," Ile"," 3amb","Res1","L4","CC[C@H](C)[C@@H](C(NCc1cc(C(NCCSCc2cccc(CSCCC(N[C@@H](CC(NCCOCCOCCCCCCCl)=O)C(NCC3)=O)=O)n2)=O)ccc1)=O)NC3=O",905.39463,721.27463,659.26463
147,"Mpa","Asp(CAPA)","Ile"," Tyr"," Leu","Res1","L4","CC[C@H](C)[C@@H](C(N[C@@H](Cc(cc1)ccc1O)C(N[C@@H](CC(C)C)C(NCCSCc1cccc(CSCCC(N[C@H]2CC(NCCOCCOCCCCCCCl)=O)=O)n1)=O)=O)=O)NC2=O",977.452145,701.312145,701.312145
148,"Mpa","Asp(CAPA)","4amb"," Nip"," Gly","Res1","L4","O=C(C[C@@H](C(NCc(cc1)ccc1C(N(CCC1)C[C@H]1C(NCC(NCCSCc1cccc(CSCC2)n1)=O)=O)=O)=O)NC2=O)NCCOCCOCCCCCCCl",889.36333,645.24333,721.27333
149,"Mpa","Asp(CAPA)","3Aze"," Gly"," NMeAla","Res1","L4","C[C@@H](C(NCCSCc1cccc(CSCCC(N[C@@H](CC(NCCOCCOCCCCCCCl)=O)C(N(C2)CC2C(NC2)=O)=O)=O)n1)=O)N(C)C2=O",813.33203,673.27203,671.26203
150,"Mpa","Asp(CAPA)","D-Pro"," 4amb"," D-Pro","Res1","L4","O=C(C[C@@H](C(N(CCC1)[C@H]1C(NCc(cc1)ccc1C(N(CCC1)[C@H]1C(NCCSCc1cccc(CSCC2)n1)=O)=O)=O)=O)NC2=O)NCCOCCOCCCCCCCl",915.37898,685.27898,685.27898
151,"Mpa","Asp(CAPA)","Gly"," 2Achc"," Val","Res1","L4","CC(C)[C@@H](C(NCCSCc1cccc(CSCCC(N[C@@H](CC(NCCOCCOCCCCCCCl)=O)C(NCC(N[C@H]2[C@H]3CCCC2)=O)=O)=O)n1)=O)NC3=O",869.39463,687.28463,645.23463
152,"Mpa","Asp(CAPA)","NMeAla"," D-Pip"," D-Pip","Res1","L4","C[C@@H](C(N(CCCC1)[C@H]1C(N(CCCC1)[C@H]1C(NCCSCc1cccc(CSCCC(N[C@H]2CC(NCCOCCOCCCCCCCl)=O)=O)n1)=O)=O)=O)N(C)C2=O",895.41028,699.29028,673.27028
153,"Mpa","Asp(CAPA)","4amb"," 4amb"," Isn","Res1","L4","O=C(C[C@@H](C(NCc(cc1)ccc1C(NCc(cc1)ccc1C(N(CC1)CCC1C(NCCSCc1cccc(CSCC2)n1)=O)=O)=O)=O)NC2=O)NCCOCCOCCCCCCCl",965.39463,699.29463,721.27463
154,"Mpa","Asp(CAPA)","Ile"," His"," Trp","Res1","L4","CC[C@H](C)[C@@H](C(N[C@@H](Cc1c[nH]cn1)C(N[C@@H](Cc1c[nH]c2c1cccc2)C(NCCSCc1cccc(CSCCC(N[C@H]2CC(NCCOCCOCCCCCCCl)=O)=O)n1)=O)=O)=O)NC2=O",1024.44298,774.30298,701.30298
155,"Mpa","Asp(CAPA)","Isn"," Gly"," Asn","Res1","L4","NC(C[C@@H](C(NCCSCc1cccc(CSCCC(N[C@@H](CC(NCCOCCOCCCCCCCl)=O)C(N(CC2)CCC2C(NC2)=O)=O)=O)n1)=O)NC2=O)=O",870.353494,702.263494,699.293494
156,"Mpa","Asp(CAPA)","Aze"," 3amb"," 4amb","Res1","L4","O=C(C[C@@H](C(N(CC1)[C@@H]1C(NCc1cc(C(NCc(cc2)ccc2C(NCCSCc2cccc(CSCC3)n2)=O)=O)ccc1)=O)=O)NC3=O)NCCOCCOCCCCCCCl",937.36333,721.27333,671.26333
157,"Mpa","Asp(CAPA)","D-Pip"," 4amb"," Isn","Res1","L4","O=C(C[C@@H](C(N(CCCC1)[C@H]1C(NCc(cc1)ccc1C(N(CC1)CCC1C(NCCSCc1cccc(CSCC2)n1)=O)=O)=O)=O)NC2=O)NCCOCCOCCCCCCCl",943.41028,699.29028,699.29028
158,"Mpa","Asp(CAPA)","Tyr"," Nip"," Aze","Res1","L4","Oc1ccc(C[C@@H](C(N(CCC2)C[C@H]2C(N(CC2)[C@@H]2C(NCCSCc2cccc(CSCCC(N[C@H]3CC(NCCOCCOCCCCCCCl)=O)=O)n2)=O)=O)=O)NC3=O)cc1",945.389545,671.259545,751.279545
159,"Mpa","Asp(CAPA)","Sar"," Tyr"," Ala","Res1","L4","C[C@@H](C(NCCSCc1cccc(CSCCC(N[C@@H](CC(NCCOCCOCCCCCCCl)=O)C(N(C)CC(N[C@H]2Cc(cc3)ccc3O)=O)=O)=O)n1)=O)NC2=O",893.358245,659.258245,659.258245
160,"Mpa","Asp(CAPA)","Aze"," Tyr"," 2Achc","Res1","L4","Oc1ccc(C[C@@H](C(N[C@H](CCCC2)[C@@H]2C(NCCSCc2cccc(CSCCC(N[C@@H](CC(NCCOCCOCCCCCCCl)=O)C(N3[C@H]4CC3)=O)=O)n2)=O)=O)NC4=O)cc1",959.405195,713.305195,671.255195
161,"Mpa","Asp(CAPA)","Ile"," 2Achc"," 2Achc","Res1","L4","CC[C@H](C)[C@@H](C(N[C@H](CCCC1)[C@@H]1C(N[C@H](CCCC1)[C@@H]1C(NCCSCc1cccc(CSCCC(N[C@H]2CC(NCCOCCOCCCCCCCl)=O)=O)n1)=O)=O)=O)NC2=O",951.47288,713.30288,701.29288
162,"Mpa","Asp(CAPA)","3Aze"," Phe"," Ala","Res1","L4","C[C@@H](C(NCCSCc1cccc(CSCCC(N[C@@H](CC(NCCOCCOCCCCCCCl)=O)C(N(C2)CC2C(N[C@H]2Cc3ccccc3)=O)=O)=O)n1)=O)NC2=O",889.36333,659.25333,671.25333
163,"Mpa","Asp(CAPA)","Nip"," Leu"," Tyr","Res1","L4","CC(C)C[C@@H](C(N[C@@H](Cc(cc1)ccc1O)C(NCCSCc1cccc(CSCCC(N[C@@H](CC(NCCOCCOCCCCCCCl)=O)C(N2C[C@@H]3CCC2)=O)=O)n1)=O)=O)NC3=O",975.436495,751.286495,699.296495
164,"Mpa","Asp(CAPA)","Ser"," D-Ala"," Val","Res1","L4","CC(C)[C@@H](C(NCCSCc1cccc(CSCCC(N[C@@H](CC(NCCOCCOCCCCCCCl)=O)C(N[C@@H](CO)C(N[C@@H]2C)=O)=O)=O)n1)=O)NC2=O",845.358245,687.288245,675.248245
165,"Mpa","Asp(CAPA)","Isn"," Nip"," Gly","Res1","L4","O=C(C[C@@H](C(N(CC1)CCC1C(N(CCC1)C[C@H]1C(NCC(NCCSCc1cccc(CSCC2)n1)=O)=O)=O)=O)NC2=O)NCCOCCOCCCCCCCl",867.37898,645.23898,699.28898
166,"Mpa","Asp(CAPA)","Ser"," NMeAla"," 3amb","Res1","L4","C[C@@H](C(NCc1cc(C(NCCSCc2cccc(CSCCC(N[C@@H](CC(NCCOCCOCCCCCCCl)=O)C(N[C@H]3CO)=O)=O)n2)=O)ccc1)=O)N(C)C3=O",893.358245,721.278245,675.258245
167,"Mpa","Asp(CAPA)","Isn"," Sar"," cAcha","Res1","L4","CN(CC(NC(CC1)CCC1CC(NCCSCc1cccc(CSCCC(N[C@@H](CC(NCCOCCOCCCCCCCl)=O)C(N2CCC3CC2)=O)=O)n1)=O)=O)C3=O",909.42593,727.31593,699.28593
168,"Mpa","Asp(CAPA)","D-Ala"," Sar"," Thr","Res1","L4","C[C@H]([C@@H](C(NCCSCc1cccc(CSCCC(N[C@@H](CC(NCCOCCOCCCCCCCl)=O)C(N[C@H](C)C(N(C)C2)=O)=O)=O)n1)=O)NC2=O)O",831.342595,689.262595,659.252595
169,"Mpa","Asp(CAPA)","Phe"," 3Aze"," Nip","Res1","L4","O=C(C[C@@H](C(N[C@@H](Cc1ccccc1)C(N(C1)CC1C(N(CCC1)C[C@H]1C(NCCSCc1cccc(CSCC2)n1)=O)=O)=O)=O)NC2=O)NCCOCCOCCCCCCCl",929.39463,699.28463,735.28463
170,"Mpa","Asp(CAPA)","Sar"," Leu"," Asn","Res1","L4","CC(C)C[C@@H](C(N[C@@H](CC(N)=O)C(NCCSCc1cccc(CSCCC(N[C@@H](CC(NCCOCCOCCCCCCCl)=O)C(N(C)C2)=O)=O)n1)=O)=O)NC2=O",886.384794,702.264794,659.264794
171,"Mpa","Asp(CAPA)","Phe"," NMeAla"," Pro","Res1","L4","C[C@@H](C(N(CCC1)[C@@H]1C(NCCSCc1cccc(CSCCC(N[C@@H](CC(NCCOCCOCCCCCCCl)=O)C(N[C@H]2Cc3ccccc3)=O)=O)n1)=O)=O)N(C)C2=O",917.39463,685.27463,735.29463
172,"Mpa","Asp(CAPA)","cAcha"," Pro"," D-Pip","Res1","L4","O=C(C[C@@H](C(NC(CC1)CCC1CC(N(CCC1)[C@@H]1C(N(CCCC1)[C@H]1C(NCCSCc1cccc(CSCC2)n1)=O)=O)=O)=O)NC2=O)NCCOCCOCCCCCCCl",935.44158,699.29158,727.32158
173,"Mpa","Asp(CAPA)","4amb"," Nip"," bAla","Res1","L4","O=C(C[C@@H](C(NCc(cc1)ccc1C(N(CCC1)C[C@H]1C(NCCC(NCCSCc1cccc(CSCC2)n1)=O)=O)=O)=O)NC2=O)NCCOCCOCCCCCCCl",903.37898,659.25898,721.26898
174,"Mpa","Asp(CAPA)","NMeAla"," Asn"," Ala","Res1","L4","C[C@@H](C(NCCSCc1cccc(CSCCC(N[C@@H](CC(NCCOCCOCCCCCCCl)=O)C(N(C)[C@@H](C)C(N[C@H]2CC(N)=O)=O)=O)=O)n1)=O)NC2=O",858.353494,659.263494,673.273494
175,"Mpa","Asp(CAPA)","Aze"," Pro"," D-Pro","Res1","L4","O=C(C[C@@H](C(N(CC1)[C@@H]1C(N(CCC1)[C@@H]1C(N(CCC1)[C@H]1C(NCCSCc1cccc(CSCC2)n1)=O)=O)=O)=O)NC2=O)NCCOCCOCCCCCCCl",865.36333,685.27333,671.26333
176,"Mpa","Asp(CAPA)","2Achc"," D-Pip"," Thr","Res1","L4","C[C@H]([C@@H](C(NCCSCc1cccc(CSCCC(N[C@@H](CC(NCCOCCOCCCCCCCl)=O)C(N[C@H](CCCC2)[C@@H]2C(N2[C@@H]3CCCC2)=O)=O)=O)n1)=O)NC3=O)O",925.420845,689.260845,713.300845
177,"Mpa","Asp(CAPA)","NMeAla"," Ser"," NMeAla","Res1","L4","C[C@@H](C(NCCSCc1cccc(CSCCC(N[C@@H](CC(NCCOCCOCCCCCCCl)=O)C(N(C)[C@@H](C)C(N[C@H]2CO)=O)=O)=O)n1)=O)N(C)C2=O",845.358245,673.278245,673.278245
178,"Mpa","Asp(CAPA)","3Aze"," bAla"," Ile","Res1","L4","CC[C@H](C)[C@@H](C(NCCSCc1cccc(CSCCC(N[C@@H](CC(NCCOCCOCCCCCCCl)=O)C(N(C2)CC2C(NCC2)=O)=O)=O)n1)=O)NC2=O",855.37898,701.29898,671.25898
179,"Mpa","Asp(CAPA)","Isn"," Phe"," bAla","Res1","L4","O=C(C[C@@H](C(N(CC1)CCC1C(N[C@@H](Cc1ccccc1)C(NCCC(NCCSCc1cccc(CSCC2)n1)=O)=O)=O)=O)NC2=O)NCCOCCOCCCCCCCl",917.39463,659.25463,699.28463
180,"Mpa","Asp(CAPA)","4amb"," Asn"," Ser","Res1","L4","NC(C[C@@H](C(N[C@@H](CO)C(NCCSCc1cccc(CSCCC(N[C@@H](CC(NCCOCCOCCCCCCCl)=O)C(NCc2ccc3cc2)=O)=O)n1)=O)=O)NC3=O)=O",922.348409,675.258409,721.278409
181,"Mpa","Asp(CAPA)","2Achc"," bAla"," 3Aze","Res1","L4","O=C(C[C@@H](C(N[C@H](CCCC1)[C@@H]1C(NCCC(N(C1)CC1C(NCCSCc1cccc(CSCC2)n1)=O)=O)=O)=O)NC2=O)NCCOCCOCCCCCCCl",867.37898,671.24898,713.29898
182,"Mpa","Asp(CAPA)","Isn"," bAla"," Thr","Res1","L4","C[C@H]([C@@H](C(NCCSCc1cccc(CSCCC(N[C@@H](CC(NCCOCCOCCCCCCCl)=O)C(N(CC2)CCC2C(NCC2)=O)=O)=O)n1)=O)NC2=O)O",871.373895,689.263895,699.283895
183,"Mpa","Asp(CAPA)","Ile"," 4amb"," Sar","Res1","L4","CC[C@H](C)[C@@H](C(NCc(cc1)ccc1C(N(C)CC(NCCSCc1cccc(CSCCC(N[C@H]2CC(NCCOCCOCCCCCCCl)=O)=O)n1)=O)=O)=O)NC2=O",905.39463,659.26463,701.30463
184,"Mpa","Asp(CAPA)","cAcha"," 2Achc"," Val","Res1","L4","CC(C)[C@@H](C(NCCSCc1cccc(CSCCC(N[C@@H](CC(NCCOCCOCCCCCCCl)=O)C(NC(CC2)CCC2CC(N[C@H]2[C@H]3CCCC2)=O)=O)=O)n1)=O)NC3=O",951.47288,687.28288,727.31288
185,"Mpa","Asp(CAPA)","bAla"," Isn"," Phe","Res1","L4","O=C(C[C@@H](C(NCCC(N(CC1)CCC1C(N[C@@H](Cc1ccccc1)C(NCCSCc1cccc(CSCC2)n1)=O)=O)=O)=O)NC2=O)NCCOCCOCCCCCCCl",917.39463,735.28463,659.25463
186,"Mpa","Asp(CAPA)","4amb"," bAla"," 4amb","Res1","L4","O=C(C[C@@H](C(NCc(cc1)ccc1C(NCCC(NCc(cc1)ccc1C(NCCSCc1cccc(CSCC2)n1)=O)=O)=O)=O)NC2=O)NCCOCCOCCCCCCCl",925.36333,721.27333,721.27333
187,"Mpa","Asp(CAPA)","Sar"," Val"," cAcha","Res1","L4","CC(C)[C@@H](C(NC(CC1)CCC1CC(NCCSCc1cccc(CSCCC(N[C@@H](CC(NCCOCCOCCCCCCCl)=O)C(N(C)C2)=O)=O)n1)=O)=O)NC2=O",897.42593,727.31593,659.25593
188,"Mpa","Asp(CAPA)","D-Ala"," Trp"," 3amb","Res1","L4","C[C@H](C(N[C@@H](Cc1c[nH]c2c1cccc2)C(NCc1cc(C(NCCSCc2cccc(CSCCC(N[C@H]3CC(NCCOCCOCCCCCCCl)=O)=O)n2)=O)ccc1)=O)=O)NC3=O",978.389879,721.269879,659.259879
189,"Mpa","Asp(CAPA)","2Achc"," Aze"," D-Pro","Res1","L4","O=C(C[C@@H](C(N[C@H](CCCC1)[C@@H]1C(N(CC1)[C@@H]1C(N(CCC1)[C@H]1C(NCCSCc1cccc(CSCC2)n1)=O)=O)=O)=O)NC2=O)NCCOCCOCCCCCCCl",893.39463,685.26463,713.30463
190,"Mpa","Asp(CAPA)","NMeAla"," D-Pip"," Nip","Res1","L4","C[C@@H](C(N(CCCC1)[C@H]1C(N(CCC1)C[C@H]1C(NCCSCc1cccc(CSCCC(N[C@H]2CC(NCCOCCOCCCCCCCl)=O)=O)n1)=O)=O)=O)N(C)C2=O",895.41028,699.29028,673.27028
191,"Mpa","Asp(CAPA)","2Achc"," Thr"," 3Aze","Res1","L4","C[C@H]([C@@H](C(N(C1)CC1C(NCCSCc1cccc(CSCCC(N[C@@H](CC(NCCOCCOCCCCCCCl)=O)C(N[C@H]2[C@H]3CCCC2)=O)=O)n1)=O)=O)NC3=O)O",897.389545,671.249545,713.299545
192,"Mpa","Asp(CAPA)","Thr"," His"," Trp","Res1","L4","C[C@H]([C@@H](C(N[C@@H](Cc1c[nH]cn1)C(N[C@@H](Cc1c[nH]c2c1cccc2)C(NCCSCc1cccc(CSCCC(N[C@H]2CC(NCCOCCOCCCCCCCl)=O)=O)n1)=O)=O)=O)NC2=O)O",1012.40659,774.29659,689.26659
